{"cameraMode":{"drawMode":0,"name":"Shaded","section":"Shading Mode"},"sceneLighting":true,"audioPlay":false,"sceneViewState":{"m_AlwaysRefresh":false,"showFog":true,"showSkybox":true,"showFlares":true,"showImageEffects":true,"showParticleSystems":true,"showVisualEffectGraphs":true,"m_FxEnabled":true},"in2DMode":false,"pivot":{"x":3.5104923248291017,"y":5.288654327392578,"z":3.710153579711914},"rotation":{"x":-0.08855096250772476,"y":-0.05615069344639778,"z":0.005000741686671972,"w":-0.9944691061973572},"size":29.825260162353517,"orthographic":false}