{"cameraMode":{"drawMode":0,"name":"Shaded","section":"Shading Mode"},"sceneLighting":true,"audioPlay":false,"sceneViewState":{"m_AlwaysRefresh":false,"showFog":true,"showSkybox":true,"showFlares":true,"showImageEffects":true,"showParticleSystems":true,"showVisualEffectGraphs":true,"m_FxEnabled":true},"in2DMode":false,"pivot":{"x":-18.038837432861329,"y":5.880821704864502,"z":-8.853472709655762},"rotation":{"x":-0.13336537778377534,"y":0.025861363857984544,"z":-0.0034812516532838346,"w":-0.9907243251800537},"size":16.383100509643556,"orthographic":false}