{"cameraMode":{"drawMode":0,"name":"Shaded","section":"Shading Mode"},"sceneLighting":true,"audioPlay":false,"sceneViewState":{"m_AlwaysRefresh":false,"showFog":true,"showSkybox":true,"showFlares":true,"showImageEffects":true,"showParticleSystems":true,"showVisualEffectGraphs":true,"m_FxEnabled":true},"in2DMode":false,"pivot":{"x":-3.836134672164917,"y":5.60755729675293,"z":-8.185545921325684},"rotation":{"x":-0.13336537778377534,"y":0.025861363857984544,"z":-0.0034812516532838346,"w":-0.9907243251800537},"size":13.459972381591797,"orthographic":false}